{
  "maxcut_value": 0.11092226977877259,
  "mis_cut_value": 6.8679483029977755
}